feature_type,C,l1_ratio,n_nonzero,val_f1,method
dense,1.0,0.5,1024,0.48675516912611166,fixed
sparse,1.0,0.5,2144,0.027102006974710192,fixed
