feature_type,C,l1_ratio,n_nonzero,val_f1,method
dense,1.0,0.5,1024,0.48675516912611166,fixed
sparse,1.0,0.5,915,0.0010478202363013004,fixed
