feature_type,C,l1_ratio,n_nonzero,val_f1,method
dense,1.0,0.5,1536,0.48150887573964496,fixed
sparse,1.0,0.5,1014,0.056786603194548486,fixed
