feature_type,C,l1_ratio,n_nonzero,val_f1,method
dense,1.0,0.5,1536,0.017999281541283017,fixed
sparse,1.0,0.5,748,0.019935394554683895,fixed
